{
  "bifi-maxi": 0.09779394250288886,
  "cake-twt": 0,
  "cake-cake": 7.082111609329987,
  "cake-smart": 7.082111609329987,
  "cake-ltc-bnb": 0.7554522612921746,
  "cake-ada-bnb": 0.8009889701119146,
  "cake-dot-bnb": 0.7155581366353396,
  "cake-ten-bnb": 5.134597845302793,
  "cake-balbt-bnb": 1.2379382428087804,
  "cake-bscx-bnb": 8.743387835809271,
  "cake-unfi-bnb": 1.9484041069037685,
  "cake-reef-bnb": 2.037960692615325,
  "cake-stax-cake": 3.1696847160360475,
  "cake-nar-cake": 17.87350113803184,
  "cake-nya-cake": 19.238175921328484,
  "cake-ctk-bnb": 6.7744407680936956,
  "cake-yfii-bnb": 1.1300110339566691,
  "cake-yfi-bnb": 1.029245809294343,
  "cake-fil-bnb": 1.3401959855632173,
  "cake-band-bnb": 0.6753834523124591,
  "cake-atom-bnb": 0.8847852255987962,
  "cake-vai-busd": 0.36116249255524524,
  "cake-broobee-cake": 13.11697727766719,
  "cake-juv-bnb": 12.320071792917567,
  "cake-psg-bnb": 10.095240522583122,
  "cake-alpha-bnb": 0.9218745701554283,
  "cake-inj-bnb": 1.1919426780422193,
  "cake-twt-bnb": 1.1000159264316176,
  "cake-xvs-bnb": 0.578957256433098,
  "cake-cake-bnb": 3.875122875327496,
  "cake-busd-bnb": 0.3897659705862502,
  "cake-usdt-busd": 0.20957841849575853,
  "cake-btcb-bnb": 0.3866323275633621,
  "cake-usdt-bnb": 0.36317335915502413,
  "cake-eth-bnb": 0.3228615186782722,
  "cake-link-bnb": 0.3966241621922355,
  "fortube-fil": 0.225395758511529,
  "fortube-atom": 0.008064505474530347,
  "fortube-xtz": 0.009845332398978347,
  "fortube-dai": 0.07245626411299266,
  "fortube-zec": 0.007300683466098347,
  "fortube-xrp": 0.014706307743090348,
  "fortube-eth": 0.02048260896768508,
  "fortube-ada": 0.007300653275634347,
  "fortube-ltc": 0.06648827294301035,
  "fortube-usdt": 0.2501836765545127,
  "fortube-eos": 0.007379556894258347,
  "fortube-for": 0.146831524653561,
  "fortube-dot": 0.024214294166370345,
  "fortube-btcb": 0.01918471240560508,
  "fortube-yfii": 0.027190154747490345,
  "fortube-bch": 0.009171891105378346,
  "fortube-band": 0.007300382297298347,
  "fortube-qusd": 0.00225273332088,
  "fortube-bnb": 0.06803282381736508,
  "fortube-cream": 0.007300382297298347,
  "fortube-busd": 0.16619814910723266,
  "fortube-link": 0.009568568647122347,
  "fortube-ont": 0.007300448060370347,
  "street-btri-bnb": 7.664831325432933,
  "street-btri-cred": 120.66789564983516,
  "street-bhc-bnb": 16.057160855127698,
  "street-jgn-bnb": 1.8305682569246313,
  "street-twt-bnb": 0.7266664094889854,
  "street-sxp-bnb": 0.5645067934034182,
  "street-xvs-bnb": 0.8290101106439693,
  "street-inj-bnb": 0.4482854069924689,
  "street-unfi-bnb": 1.8188813096258394,
  "street-ltc-bnb": 1.1164456835675654,
  "street-alpha-bnb": 0.9669700069729432,
  "street-bch-bnb": 0.8585560389203823,
  "street-link-bnb": 0.36446567798278906,
  "street-nar-bnb": 1.893968477336104,
  "street-drugs-bnb": 9.722011896727725,
  "street-thugs-bnb": 2.5729616748589095,
  "street-cred-bnb": 0.6748969886604101,
  "street-guns-bnb": 1.7315114941085716,
  "street-busd-bnb": 0.5044250550191676,
  "street-btc-bnb": 2.2127279000005498,
  "street-eth-bnb": 0.47751873245090737,
  "street-panacakelp-thugs-bnb": 0.4334666447351525,
  "street-narwhallp-thugs-bnb": 0.7714075944418775,
  "street-dai-bnb": 0.3852518821839195,
  "street-usdt-bnb": 0.8235880984553396,
  "street-bliq-bnb": 0.46050600070265446,
  "street-eos-bnb": 1.2835617295061756,
  "street-bifi-bnb": 0.4948739699547531,
  "thugs-drugs-drugs": 7.137621929337836,
  "thugs-drugs-btri": 3.794235110169325,
  "bakery-bake": 0.34771684761368293,
  "bakery-bake-bnb": 1.8660624487982478,
  "bakery-bake-busd": 2.1136730567799664,
  "bakery-usdt-busd": 0.32752349748103504,
  "bakery-btc-bnb": 0.22485548999684535,
  "narwhal-gold-bnb": 0.024732569745364197,
  "narwhal-thugs-nar": 0.06842036572338017,
  "venus-beth": 0.15873807698963988,
  "venus-dai": 0.30207605487517425,
  "venus-fil": 0.4358074320736496,
  "venus-bch": 0.0945917121083513,
  "venus-dot": 0.09925947931796605,
  "venus-link": 0.10260311900620031,
  "venus-sxp": 0.10935609487359163,
  "venus-usdc": 0.2835692849049097,
  "venus-usdt": 0.3336441566947003,
  "venus-busd": 0.336129092493872,
  "venus-bnb": 0.2163201833760122,
  "venus-xvs": 0.09920481927693618,
  "venus-btcb": 0.14405456998236055,
  "venus-eth": 0.17526193696894174,
  "venus-ltc": 0.10177192352246006,
  "venus-xrp": 0.12184588448248934,
  "venus-wbnb": 0.2163201833760122,
  "jetfuel-vapor-bnb": 7088.998416797833,
  "jetfuel-fuel-bnb-pcs": 184.03963984143803,
  "jetfuel-fuel-bnb-ss": 195.05030908564623,
  "jetfuel-bhc-bnb": 38.592133941960846,
  "jetfuel-eth-bnb": 0.5171129975625905,
  "jetfuel-cake-bnb": 4.650367779876758,
  "jetfuel-uni-bnb": 1.0757872215236333,
  "jetfuel-link-bnb": 1.0219919029587885,
  "jetfuel-busd-bnb": 1.381534428355236,
  "jetfuel-usdt-bnb": 0.7956042546936453,
  "cake-bdo-busd": 2885.969297689067,
  "cake-sbdo-busd": 319354.4963563584,
  "cake-bdo-bnb-sbdo": 1921.9003410839268,
  "cake-helmet": 409.1262933802715,
  "cake-helmet-bnb": 8353211342.852714,
  "bhc-bhc": 0.7797173789295864
}
